以下项目的总和:value,列标签,,,,,,
行标签,0,0.1,0.2,0.3,0.4,0.5,总计
GDP,53680.01798,53680.01797,53680.01795,53680.01789,53620.18382,53486.21131,321826.4669
S1,53680.01798,53680.01797,53680.01795,53680.01789,53620.18382,53486.21131,321826.4669
总计,53680.01798,53680.01797,53680.01795,53680.01789,53620.18382,53486.21131,321826.4669
